bikeStationAddress,latitude,longitude,freeBikes
Queen St E / Woodward Ave,43.665269,-79.319796,19
Primrose Ave / Davenport Rd,43.67142,-79.445947,5
Queen St. E / Rhodes Ave.,43.666224,-79.317693,9
Bond St / Queen St E,43.653236,-79.376716,12
Church St / Alexander St,43.663722,-79.380288,0
University Ave / Gerrard St W,43.657763,-79.389165,6
Edward St / Yonge St,43.656729,-79.382736,1
Euclid Ave / Bloor St W,43.664467,-79.414783,0
Yonge St / Aylmer Ave,43.675492,-79.388858,2
Davenport Rd / Avenue Rd,43.674991,-79.396273,2
Yonge St / Yorkville Ave,43.671944,-79.387778,1
Dundas St E / Broadview Ave,43.662365,-79.351104,12
Front St W / Yonge St (Hockey Hall of Fame),43.646144,-79.377962,14
Gerrard St E / River St,43.663993,-79.358534,10
Jarvis St / Dundas St E,43.657266,-79.374756,6
Logan Av / Gerrard St E,43.6672144,-79.3452697,12
Regal Rd / Dufferin St,43.673939,-79.441159,1
Morse St / Eastern Ave,43.657991,-79.340075,11
Alton Ave / Dundas St E (Greenwood Park),43.66745,-79.329408,15
Blake St / Boultbee Ave,43.672453,-79.338259,6
Eastern Ave / Winnifred Ave,43.6592088,-79.3348396,13
Gamble Ave / Broadview Ave,43.689211,-79.35438,4
Toronto Eaton Centre (Yonge St),43.655431,-79.380653,12
111 Bond St (North of Dundas St E),43.656927,-79.378497,13
Wallace Ave / Symington Ave,43.661324,-79.449534,5
Dundas St E / Pembroke St,43.658295,-79.372346,2
Victoria Park Subway Station,43.6940155,-79.2889842,12
Wychwood Ave / Benson Ave,43.6809164,-79.4229684,3
Lawton Blvd / Yonge St,43.6910667,-79.39535,11
Yonge St / Davisville Ave,43.6975969,-79.39654,0
Fort York  Blvd / Capreol Ct,43.639832,-79.395954,18
Madison Ave / Bloor St W,43.667158,-79.402761,5
St. George St / Bloor St W,43.667333,-79.399429,11
King St W / York St,43.6480008,-79.383177,17
University Ave / Elm St,43.656518,-79.389099,11
College St / Huron St,43.658148,-79.398167,4
Rosehill Ave / Avoca Ave,43.687999,-79.38906,2
HTO Park (Queens Quay W),43.63796,-79.387502,4
Bloor St W / Dundas St W,43.6563889,-79.45166667,15
Bathurst St / Fort York Blvd,43.639179,-79.399595,12
Ontario Place Blvd / Lake Shore Blvd W (East),43.6322445,-79.4108105,19
Spadina Ave / Willcocks St,43.6616667,-79.40138889,7
Cariboo St / Rail Path,43.66666667,-79.45833333,0
Dundas St W / Edna Ave,43.657192,-79.452559,14
College St / Major St,43.6576,-79.4032,0
McGill St / Church St,43.660694,-79.379052,0
Queens Quay W / Dan Leckie Way,43.636533,-79.395854,25
York St / Queens Quay W,43.640132,-79.380464,45
College Park South,43.659777,-79.382767,17
25 York St â€“ Union Station South,43.643667,-79.380414,10
161 Bleecker St (South of Wellesley),43.666233,-79.373327,0
Spadina Ave / Fort York Blvd,43.640114,-79.393249,18
Exhibition GO (Atlantic Ave),43.63666667,-79.41972222,18
Augusta Ave / Denison Sq,43.653766,-79.4016759,9
Lansdowne Ave / Wade Ave,43.6587734,-79.443054,15
Lansdowne Ave / Whytock Ave,43.65388889,-79.44138889,6
Sterling Rd / Dundas St W,43.65083333,-79.44305556,8
St Clarens Ave / College St,43.651238,-79.43868,4
Ossington Ave / College St,43.6544915,-79.422634,1
High Park Subway Station,43.6543604,-79.4655296,2
Lake Shore Blvd W / Ellis Ave,43.635932,-79.465083,7
Parkside Dr / Bloor St W,43.654501,-79.460053,9
Sunnyside - Gus Ryder Pool,43.637894,-79.454823,5
Lake Shore Blvd W / Windermere Ave,43.634896,-79.467763,5
Bloor St W / High Park Ave (High Park),43.6535269,-79.4650569,6
Martin Goodman Trail (Marilyn Bell Park),43.6314,-79.4304,16
Lake Shore Blvd W / The Boulevard Club,43.636731,-79.444966,9
Dundas St W / Roncesvalles Green P,43.6534268,-79.4512787,11
Erskine Ave / Yonge St SMART,43.7112153,-79.39894,5
"D'Arcy St, /McCaul St. SMART",43.655227,-79.39201,14
Mortimer Ave / Carlaw Ave SMART,43.685167,-79.34962,0
Cumberland Ave / Bay St SMART,43.6704537,-79.39014,5
20 Charles St E,43.6691099,-79.38551,0
Niagara St / Tecumseth St,43.641389,-79.404444,12
424 Wellington St W,43.643834,-79.396649,14
Dundas St W / St. Patrick St,43.6545174,-79.3895315,2
Robert St / Bloor St W,43.665846,-79.404998,9
John St / Mercer St - SMART,43.6461,-79.3895,11
Queen St E / Hammersmith Ave,43.671349,-79.29451,8
Queen St. E / Eastern Ave,43.667208,-79.312315,11
Hubbard Blvd / Balsam Av,43.669328,-79.288949,7
Queen St. E / Spruce Hill Rd.,43.672571,-79.289,6
Lower Spadina Ave / Lake Shore Blvd W,43.638497,-79.39192,14
Coxwell Ave /  Lake Shore Blvd E,43.662771,-79.315223,12
Amelia St. / Sumach St.,43.66852,-79.363525,0
Augusta Ave / Dundas St W,43.652473,-79.401456,8
Queen St W / Ossington Ave,43.643975,-79.419576,19
Trinity St / Front St E,43.651318,-79.36023,10
Dundas St W / Yonge St,43.656094,-79.381484,14
Kendal Ave / Spadina Rd,43.670318,-79.405181,0
Davenport Rd / Bathurst St,43.676667,-79.416111,7
Queen St W / Close Ave,43.640634,-79.435841,22
King St W / Joe Shuster Way,43.639444,-79.423611,7
Yarmouth Rd / Christie St,43.67,-79.42083333,0
Palmerston Ave / Vermont Ave,43.671389,-79.416389,0
Christie St / Benson Ave (Wychwood Barns),43.68,-79.425,0
King St W / Fraser Ave,43.6394444,-79.42527778,15
Macpherson Ave / Spadina Rd,43.675791,-79.40698,3
Bridgeman Ave / Kendal Ave,43.675556,-79.410278,11
Bridgeman Ave / Bathurst St,43.674444,-79.414722,4
Kendal Ave / Bernard Ave,43.671513,-79.408317,0
Pretoria Av / Broadview Av,43.6783213,-79.35822,0
Broadview Ave/ Westwood Ave,43.6848652,-79.356602,2
Fulton Ave / Pape Ave,43.68395,-79.347046,9
Cosburn Ave / Donlands Ave,43.690537,-79.341307,1
Beltline Trail / Chaplin Cres.,43.704461,-79.423122,4
Lake Shore Blvd E / Leslie St,43.659195,-79.329196,17
King St E / Ontario St.,43.651885,-79.3649,12
Rosedale Park (20 Schofield Ave),43.682645,-79.377557,5
Mary McCormick Rec Centre (Sheridan Ave),43.6475,-79.43305556,11
Soho St. / Queen St W,43.6494896,-79.393535,7
Davenport Rd / Landsdowne Rd,43.671526,-79.44874,6
Front St W / University Ave (1),43.6451635,-79.3831757,14
Front St W / University Ave (2),43.6452972,-79.3827914,13
457 King St W.,43.6452091,-79.3960744,19
Dufferin St / Sylvan Av (Dufferin Grove Park),43.6555556,-79.43361111,16
Roxborough St W / Yonge St,43.678077,-79.390328,7
Crawford St / Queen St W,43.645665,-79.415345,15
Lisgar St / Dundas St SMART,43.6493472,-79.42668,3
Dupont St / Emerson Ave  SMART,43.667266,-79.443946,0
Dundas St E / Regent Park Blvd,43.660207,-79.361275,0
Lower Sherbourne St / The Esplanade,43.648655,-79.367061,7
Nelson St / Duncan St,43.648711,-79.389728,29
Jimmie Simpson Park (Queen St E),43.6605603,-79.3437663,13
Queen St E / Sackville St,43.6561111,-79.36138889,11
Mill St / Tannery Rd,43.652219,-79.354455,33
Cherry St / Distillery Ln,43.650279,-79.356832,9
Front St E / Cherry St,43.652686,-79.358395,13
Queen St W / Spadina Ave,43.649147,-79.395504,9
Yonge St / Harbour St,43.643795,-79.375413,20
Willcocks St / St. George St,43.662085,-79.397735,14
Dundas St E / Parliament St,43.659575,-79.365769,10
51 Parliament St,43.65205,-79.362198,18
Queen's Park / Bloor St W,43.668456,-79.393899,2
Fort York Blvd / Bathurst St SMART,43.639052,-79.399792,14
Alma Ave / Gladstone Ave SMART,43.6448617,-79.42822,16
College St / Markham St,43.65638889,-79.40916667,1
Queen St W / Cowan Ave,43.6409,-79.432837,7
Queen St W / Gladstone Ave,43.64305556,-79.4275,22
Harbord St / Clinton St,43.660414,-79.415646,5
Central Tech (Harbord St),43.661975,-79.407896,0
Roxton Rd / Harbord St,43.65905,-79.422988,0
Ulster St / Bathurst St,43.66,-79.40888889,0
Mortimer Ave / Coxwell Ave,43.690564,-79.326319,4
Woodbine Subway Green P (SMART),43.686829,-79.311073,5
Danforth Ave / Barrington Ave,43.688325,-79.300463,1
Pacific Ave / Glenlake Ave - SMART,43.65716,-79.46478,12
High Park - West Rd,43.6525077,-79.4654233,15
Broadview Ave / Danforth Ave,43.6772,-79.35858,0
Church St / Wood St,43.662712,-79.379903,1
College Park- Gerrard Entrance,43.658938,-79.383518,17
Danforth Ave / Coxwell Ave,43.683378,-79.322961,5
12 Harbour St,43.6425636,-79.3762,11
Howard Park Ave / Dundas St W,43.6521,-79.4486,7
Yonge St / Bloor St,43.669969,-79.386532,0
Dufferin Gate,43.633473,-79.425679,16
Lake Shore Blvd W / Ontario Dr (Ontario Place),43.630254,-79.420317,8
Bloor St W / Shaw Ave,43.662403,-79.423098,1
Concord Av / Dewson St,43.656945,-79.424911,1
Hocken Ave./Vaughan Rd.,43.6817346,-79.4184725,1
St Clair Ave W / Bathurst St.,43.683296,-79.418734,0
Queen St E / Nursewood Rd (Neville Park Loop),43.673831,-79.281455,7
Kew Beach Ave / Kenilworth Ave,43.666325,-79.3014,15
Dovercourt Rd / Harrison St (Green P) - SMART,43.651145,-79.423742,10
Baldwin Ave / Spadina Ave,43.654905,-79.398448,15
Frederick St / King St E,43.651118,-79.369411,21
College St / Borden St,43.6571,-79.4056,0
Phoebe St / Spadina Ave,43.650033,-79.396555,7
Beverley  St / Dundas St W,43.652823,-79.393388,18
Bay St / St. Joseph St,43.665527,-79.387499,1
Gould St / Mutual St,43.6582,-79.3768,3
Riverdale Park North (Broadview Ave),43.671172,-79.354704,0
Danforth Ave / Ellerbeck St,43.677076,-79.35667,1
Pape Subway Green P,43.680223,-79.344062,6
Danforth Ave / Gough Ave,43.678401,-79.346289,10
Danforth Ave / Lamb Ave,43.681991,-79.329455,3
King St W / Stafford St,43.6422222,-79.41111111,6
Bathurst St / Lennox St,43.663808,-79.410491,1
Bathurst Subway Station,43.6666667,-79.41166667,5
Bloor St W / Christie St,43.6638889,-79.41888889,0
Ossington Ave / Bloor St W,43.661705,-79.425734,0
Essex St / Christie St,43.6686111,-79.42027778,0
Westmoreland Ave / Fernbank Ave,43.665327,-79.43235,0
Havelock St / Dufferin Park,43.657343,-79.43112,7
Bathurst St / Adelaide St W,43.645324,-79.40345,13
Mill St / Parliament St,43.650256,-79.36163,13
Ossington Ave / Harrison St,43.65111111,-79.42138889,3
80 Clinton St (North of College),43.656296,-79.414663,7
Dundas St W / Crawford St,43.649722,-79.416944,10
Claremont St / Dundas St W,43.651281,-79.411717,0
Rusholme Park Cres / College St,43.65277778,-79.42972222,0
College St / Crawford St,43.655,-79.418889,6
Gerrard Square Mall (1010 Gerrard St E),43.668553,-79.338673,16
Queen St E / Alton Av,43.663912,-79.327987,18
Simcoe St / Wellington St 2,43.6462176,-79.3855048,15
Coxwell Ave / Plains Rd,43.69595,-79.328535,12
Carlaw Ave / Strathcona Ave,43.6753188,-79.3462789,0
Logan Ave / Bain Ave,43.6720273,-79.3470557,7
Liberty St / Fraser Ave Green P,43.637981,-79.424146,19
King St W / Douro St,43.640885,-79.416379,3
Queen St E / Berkeley St,43.6552778,-79.36583333,11
Howard St / Sherbourne St,43.6712581,-79.376367,0
Carlton St / Parliament St,43.664524,-79.36793,0
Sumach St / Carlton St (Riverdale Farm),43.665867,-79.362506,0
King St W / Bay St (East Side),43.648575,-79.380042,19
Front St W / Blue Jays Way,43.643473,-79.390477,13
Metro Hall Plaza,43.645859,-79.38783,27
Parliament St / Gerrard St,43.662132,-79.3656796,15
Navy Wharf Ct. / Bremner Blvd.,43.640722,-79.391051,0
Jarvis St / Carlton St,43.66207,-79.37617,3
Lake Shore Blvd E / Knox Ave,43.660206,-79.3244,10
Hubbard Blvd. / Glen Manor Dr.,43.668633,-79.291162,12
Yonge St / Dundonald St,43.665801,-79.384796,1
Bay St / Charles St W,43.668153,-79.38891,3
Church St / Dundas St E,43.657024,-79.377257,5
Yonge St / Alexander St,43.662862,-79.383572,0
Queen St W / James St,43.652276,-79.380701,10
Eglinton Ave W / Henning Ave SMART,43.7063473,-79.40161,8
Balliol St / Yonge St SMART,43.6978701,-79.39419,0
Frobisher Ave / Lascelles Blvd,43.696708,-79.40045,2
Front St E / Scott St,43.6476616,-79.37549,10
Frederick St / The Esplanade,43.6487245,-79.36839,16
Riverdale Park South (Broadview Ave),43.667819,-79.35347,12
Sherbourne St / Carlton St (Allan Gardens),43.663102,-79.373181,1
King St W / Bay St (West Side),43.64852,-79.380576,26
Elizabeth St / Edward St (Bus Terminal),43.656026,-79.385327,11
King St W / Spadina Ave,43.645323,-79.395003,18
Glen Edyth Dr / Davenport Rd,43.677778,-79.405556,0
Queens Quay / Yonge St,43.641646,-79.375308,12
Front St W / Bay St (North Side),43.646162,-79.378912,11
Danforth Ave / Westlake Ave,43.687323,-79.304848,3
Jarvis St / Isabella St,43.668991,-79.379385,5
Yonge St / Wood St,43.6622222,-79.3825,0
King St W / Tecumseth St,43.64333333,-79.40555556,5
Beverley St / College St,43.6575,-79.39527778,4
Queen St E / George St (Moss Park),43.6544444,-79.37111111,12
Gould St / Yonge St (Ryerson University),43.657424,-79.381019,14
Front St W / Bay St (South Side),43.64595,-79.378761,18
Charles St W / Balmuto St,43.668427,-79.38725,0
Charles St E / Jarvis St,43.669604,-79.381171,11
Queen St E / Pape Ave,43.661673,-79.337789,4
Gerrard St E / Broadview,43.665656,-79.352055,10
Humber Bay Shores Park East,43.6308933,-79.4722622,14
Humber Bay Shores Park West,43.6224434,-79.480284,15
Taddle Creek Park,43.66986,-79.398443,3
Thompson St / Broadview Ave,43.659471,-79.350325,3
Roncesvalles Ave / Marmaduke St,43.650492,-79.450842,11
Queen St W / Fuller Ave,43.640255,-79.439223,15
King St W / Cowan Ave,43.637922,-79.431734,3
Garden Ave / Roncesvalles Ave,43.643769,-79.447915,17
Sorauren St / Geoffrey St (Sorauren Park),43.649172,-79.4445087,10
Bloor St W / Manning Ave,43.663912,-79.416124,0
Simcoe St / Wellington St 1,43.6458569,-79.3853654,27
Mallon Ave / Jones Ave,43.66587,-79.33443,15
Berkeley St / Dundas St E - SMART,43.658816,-79.367318,14
128 Sterling Ave - SMART,43.654004,-79.444792,14
Sunnyside Ave / The Queensway - SMART,43.6397,-79.44865,9
Sackville St / Eastern Ave - SMART,43.653809,-79.3595,9
Davenport Rd / McAlpine St - SMART,43.673768,-79.391253,0
D'Arcy St / Spadina Ave - SMART,43.654074,-79.398115,12
Sumach St  / Queen St E,43.656638,-79.358749,10
Blythwood Rd / Yonge St - SMART,43.716652,-79.399993,7
Gerrard St E / Ted Reeve Dr,43.684261,-79.299332,5
Southwood Dr / Kingston Rd - SMART,43.678685,-79.297974,1
Neil McLellan Park - SMART,43.65143,-79.47779,10
Jane St / Bloor St W (Jane Subway Station),43.64976,-79.48477,10
Antler St / Campbell Ave - SMART,43.664182,-79.449066,10
Clarence Square,43.64407,-79.3929,17
Lake Shore Blvd W / Louisa St,43.61868,-79.48674,5
Front St / Simcoe St,43.6442,-79.38702,18
Lower Simcoe St / Bremner Blvd,43.64283,-79.38409,13
Glendonwynne Ave / Bloor St W - SMART,43.65182,-79.47421,14
Russell Hill Rd / St Clair Ave W - SMART,43.685569,-79.408019,8
Church St / Lombard St,43.651678,-79.375233,13
Richmond St E / Yonge St,43.651838,-79.378743,14
High Park Amphitheatre,43.645653,-79.464366,15
Queen's Park Cres W / Hoskin Ave,43.665221,-79.394009,3
Pottery Rd / Lower Don River Trail - SMART,43.688148,-79.362101,6
Bleecker St / St James Ave,43.669232,-79.374495,7
Western Battery Rd / Pirandello St,43.640075,-79.414156,18
Carlaw Ave / Danforth Ave - SMART,43.678285,-79.347346,6
Cosburn Ave / Cedarvale Ave,43.697139,-79.31469,4
Goodwood Park Ct / Dentonia Park,43.694826,-79.295208,4
Eastwood Rd / Coxwell Ave,43.673118,-79.318651,13
Trent Ave / Danforth Ave - SMART,43.689293,-79.295895,8
Orchard Park,43.66908,-79.3149,10
Clendenan Ave / Rowland St - SMART,43.66073,-79.47149,10
Martin Goodman Trail / Ontario Dr,43.63121,-79.41414,6
Concord Ave / Bloor St W - SMART,43.66189,-79.42679,6
High Park Subway - SMART,43.65389,-79.4675,2
Via Italia / Mackay Ave - SMART,43.676697,-79.445029,1
Rushton Rd / St Clair Ave W - SMART,43.68114,-79.4277,0
Dundas St E / Boulton Ave - SMART,43.663148,-79.347938,8
Gerrard St E / Leslie St,43.669813,-79.3335,10
Marilyn Bell Park Tennis Court,43.633537,-79.437461,5
Northern Dancer Blvd / Lake Shore Blvd E,43.663162,-79.309765,21
The Queensway at South Kingsway - SMART,43.63632,-79.47307,14
Merton St / Mount Pleasant Rd - SMART,43.697819,-79.38786,5
Tyndall Ave / King St W - SMART,43.638426,-79.429142,7
College Park - Yonge Entrance,43.65988,-79.38279,9
Bloor St W / Huron St,43.667023,-79.401805,2
Barton St / Howland St - SMART,43.66842,-79.410585,1
Keele St / Annette St - SMART,43.66402,-79.46418,1
Keele St / Vine Ave - SMART,43.66686,-79.46526,11
Howard St / Ontario St,43.671278,-79.372127,1
Little Norway Park,43.635023,-79.399505,20
Isabella St / Church St - SMART,43.66834,-79.38235,0
University Ave / Armoury St - SMART,43.65263,-79.38766,9
University Ave / Queen St W,43.65158,-79.38655,12
Lascelles Blvd / Eglinton Ave W - SMART,43.70547,-79.40355,0
Polson Pier,43.641675,-79.354006,11
Dentonia Park Station,43.694341,-79.291416,9
Lower Jarvis / Queens Quay E,43.64422,-79.36927,13
Summerhill Ave / Maclennan Ave,43.685924,-79.376304,1
Queens Quay E / Lower Sherbourne,43.645215,-79.364898,19
Adelaide St W / Brant St,43.6462574,-79.3973381,15
Wright Ave / Sorauren St (Sorauren Park),43.646677,-79.442741,7
Ellis Ave / The Queensway,43.63855,-79.46693,13
High Park - Grenadier Cafe,43.645599,-79.4657123,5
Winona Dr / Davenport Rd,43.674923,-79.430465,4
Danforth Ave / Aldridge Ave,43.684758,-79.316767,5
Dundonald St / Church St,43.66663,-79.38148,32
Gerrard St E / Malvern Ave - SMART,43.685221,-79.294766,3
Bathurst St/Queens Quay(Billy Bishop Airport),43.635492,-79.398253,30
Queens Quay W / Lower Simcoe St,43.63951,-79.383717,14
Bremner Blvd / Rees St,43.641529,-79.386741,14
King St W / Crawford St - SMART,43.6417852,-79.4131148,7
Yonge St / Dundas Sq,43.655766,-79.3802,22
St Clair Ave W / Winona Ave - SMART,43.680466,-79.432522,0
Dundas St W / Watkinson Ave - SMART,43.66478,-79.45991,3
Bay St / Wellesley St W,43.664088,-79.387095,17
Humberside Grounds - SMART,43.65917,-79.46997,13
Bloor St E / Huntley St,43.671535,-79.379173,0
Wellington St W / York St,43.646734,-79.38301,22
Dalton Rd / Bloor St W,43.6662942,-79.4066433,2
Davenport Rd / Christie St,43.675278,-79.423889,0
King St / Jordan St - SMART,43.648928,-79.378623,10
George St / King St E,43.6509552,-79.3707,13
E.T. Seton Park (Eglinton Ave E / Leslie St),43.715951,-79.351246,9
Woodbine Ave / Lake Shore Blvd E,43.665645,-79.304711,12
King St W / Charlotte St,43.645572,-79.39399,16
Jarvis St / Richmond St E,43.652777,-79.372637,9
Symington Ave / Dupont St - SMART,43.665538,-79.451263,10
King St E / Jarvis St,43.650325,-79.372287,23
1199 Bay St,43.66943,-79.38915,3
1188 Bay St,43.669244,-79.3894,2
Lonsdale Rd / Spadina Rd,43.688526,-79.412903,1
Wells Hill Ave / St Clair Ave W,43.683351,-79.41562,2
Berkeley St / Adelaide St E - SMART,43.653359,-79.365023,6
Dundas St E / George St - SMART,43.6574766,-79.373446,7
Fleet St / Bathurst St,43.636611,-79.400042,14
Tecumseth St / Queen St W,43.646552,-79.406468,0
Wellington St W / Bay St,43.647259,-79.379878,25
Briar Hill Ave / Yonge St - SMART,43.713524,-79.400162,6
St James Park,43.6500392,-79.3733541,13
Bay St / Albert St,43.653264,-79.382458,25
Wellesley St W / Queen's Park Cres,43.663376,-79.392125,13
Bay St / College St (East Side),43.660439,-79.385525,9
University Ave / College St (West),43.659226,-79.390213,11
University Ave / College St (East),43.65995,-79.38964,13
Queen's Park Cres E / Grosvenor St,43.661803,-79.389682,10
Bay St / College St (West Side),43.660087,-79.385655,3
Superior Ave / Lake Shore Blvd W,43.6146692,-79.4873148,12
Humber Bay Shores Park / Marine Parade Dr,43.626265,-79.476723,26
Lake Shore Blvd W / Colborne Lodge Dr,43.63771,-79.458173,5
Ripley Ave / Ormskirk Ave,43.6390437,-79.4760109,18
St Clarens Ave / Shirley Ave,43.6486599,-79.4376413,5
Lisgar Park,43.6423847,-79.4240277,10
Bartlett Parkette,43.6702236,-79.4360232,15
Spadina Rd / Austin Terrace,43.67883,-79.408723,0
Sherbourne St N / Elm Ave,43.6752732,-79.3778458,4
Walnut Ave / Queen St W,43.645469,-79.411084,4
Vaughan Rd /Wychwood Ave,43.6882821,-79.4253856,10
Palmerston Ave / Dundas St W,43.651603,-79.408346,8
541 Huron St,43.670206,-79.402643,5
Euclid Ave / Herrick St,43.661559,-79.413845,3
Baldwin St / Henry St,43.6560758,-79.393259,3
Orde St / McCaul St,43.6580442,-79.3927404,9
Ross St / Cecil St,43.6568254,-79.3966159,0
Lake Shore Blvd W / Thirty Ninth Street,43.5927419,-79.5403301,7
Lake Shore Blvd W / Twenty Fourth St,43.597082,-79.522768,4
Windsor St / Newcastle St,43.6171635,-79.4971065,11
Royal York Rd / Mimico Ave,43.612063,-79.496573,11
Berry Rd / Bell Manor Dr,43.63732,-79.489083,15
Humber College,43.5961692,-79.5160575,13
Amos Waites Park,43.613606,-79.4883535,5
Priscilla  Ave / Dundas St W,43.664665,-79.489385,10
Durie St / Dundas St W,43.665523,-79.484892,21
St Clair Ave W / Castleton Ave,43.668496,-79.485426,9
Weston Lions Park,43.698841,-79.519472,10
Annette St / Jane St,43.658574,-79.487246,6
Jameson Ave / Queen St W,43.63985,-79.43703,16
Carlaw Ave / Dundas St E,43.665076,-79.341509,14
Toronto Inukshuk Park,43.6323994,-79.4097818,35
Cosburn Ave / Durant Ave,43.6935477,-79.3301658,8
Swansea Community Centre,43.6438036,-79.4770327,4
Bellwoods Ave / Treford Pl,43.65246,-79.413528,0
207 Eastern Avenue,43.6548521,-79.3539768,3
The Queensway / High St,43.630874,-79.482407,20
Symington Ave / Davenport Rd,43.6704403,-79.4532855,9
Front St E / Bayview Avenue,43.6535,-79.354068,18
Oak St / Sumach St,43.6617908,-79.361515,8
The Esplanade / Hahn Pl,43.649709,-79.364184,16
439 Sherbourne St,43.666051,-79.374161,1
Glebe Rd / Yonge St,43.7005976,-79.397345,7
Hillsdale Ave W / Yonge St,43.7029672,-79.3979073,14
Alvin Ave / St Clair Ave E,43.68871,-79.39264,6
Eglinton Ave W / Scarlett Rd,43.6834703,-79.5108942,11
The Pond Rd / Sentinel Rd,43.7696262,-79.5025943,6
Sentinel Rd / Finch Hydro Corridor,43.7641485,-79.5012809,14
Finch West Subway Station,43.76521,-79.491281,20
Dufferin St / Finch Hydro Recreational Trail,43.7724019,-79.4675395,4
G Ross Lord Park,43.7781116,-79.467963,14
Elwood Blvd / Avenue Rd,43.707049,-79.40966,0
Roehampton St / Bayview Ave,43.711751,-79.378615,6
Teddington Park Ave,43.732975,-79.40401,5
Russell St / Huron St,43.660274,-79.398049,7
Woodbine Ave / O'Connor Dr,43.699281,-79.318802,6
O'Connor Dr / Curity Ave,43.707582,-79.311439,3
Dawes Rd / Taylor Creek Trl,43.696631,-79.297436,11
Queen St W / John St,43.650077,-79.391291,22
Fairmount Park,43.6765897,-79.3163022,17
Richmond St W / York St,43.650745,-79.383633,5
Sunnybrook Park,43.720233,-79.362092,22
Vaughan Rd / Oakwood Ave,43.6926825,-79.441042,13
Braemar Ave / Eglinton Ave W,43.7041957,-79.4094472,0
Eglinton Ave W / Redpath Av,43.7078691,-79.39248,0
Long Branch GO Station,43.591561,-79.545827,14
Marie Curtis Park,43.5880774,-79.5432067,20
Guildwood GO Station (South),43.754978,-79.1971289,3
Chorley Park,43.6856,-79.3718,3
Cherry Beach,43.637764,-79.345359,19
Spadina Ave / Harbord St,43.6629228,-79.4018451,1
St. George St / Russell St,43.660296,-79.397107,16
Starspray Ave / Lawrence Ave E,43.788319,-79.123505,10
Rouge Hill GO Station,43.7805505,-79.1301203,9
Colonel Danforth Park,43.7777114,-79.1659711,11
Morningside Park (Highland Creek Trail),43.779353,-79.193023,0
Livingston Rd / Guildwood Pkwy,43.747854,-79.199327,6
Livingston Rd (Highland Creek Trail),43.7561681,-79.2026694,12
Twelfth St / Thirteenth St,43.6002896,-79.5108692,14
Florence Gell Park,43.6615467,-79.498398,11
Wallace Ave / Pauline Ave,43.6632257,-79.4397052,3
Kingston Rd / Beech Ave,43.680095,-79.291714,5
Victoria Park Ave / Danforth Ave,43.691468,-79.288619,2
Union Station,43.645609,-79.380386,8
Hayter St / Laplante Ave,43.65916667,-79.38555556,3
Seaton St / Dundas St E,43.658777,-79.369596,22
Lundy Ave / Etienne Brule Park,43.6625395,-79.5030161,3
Chiltern Hill Rd / Eglinton Ave W,43.7004017,-79.4275305,2
Torresdale Ave / Antibes Dr,43.77953,-79.45233,6
Ester Shiner Stadium,43.7774374,-79.4447096,6
St. George St / Hoskin Ave,43.6637403,-79.3980645,5
Fleming Cres / Bayview Ave,43.707045,-79.375437,2
King St E / Victoria St,43.6495789,-79.3762096,19
Huron/ Harbord St,43.6637,-79.400053,5
Amaleda Ave / Vaughan Rd,43.690903,-79.4375028,14
Adelaide St W / Strachan Ave,43.64325309,-79.4123047,8
Royal York Rd / Lake Shore Blvd W,43.6029904,-79.4926867,4
Runnymede Rd / Annette St,43.6596299,-79.4799176,5
Salem Ave / Bloor St W,43.6608333,-79.43166667,0
Dufferin St / Bloor St,43.66083333,-79.43583333,0
Davisville Ave / Pailton Cres,43.69933,-79.39199,18
345 High Park Ave,43.6653032,-79.4701178,12
10 Judson St,43.6162721,-79.4990363,8
Wilket Creek Park,43.720645,-79.355474,11
2659 Dundas St W,43.6641174,-79.4588522,10
1266 Queen St W,43.6424558,-79.4296346,11
80 Oriole Parkway,43.6954486,-79.4026176,2
108 East Lynn Avenue,43.6850809,-79.3149901,4
840 Danforth Ave,43.6800218,-79.3405681,6
1295-1307 Military Trail,43.7842419,-79.1849889,2
Lake Shore Blvd E / Parliament St,43.6451308,-79.3653644,15
324 Cherry St,43.6482995,-79.3552533,1
117 Elm Street,43.656373,-79.3878104,8
Walton St / Elizabeth St,43.657838,-79.38631,7
Waterfront Trail (Rouge Hill),43.778015,-79.131911,1
St Clair Ave W / Gunns Rd,43.672079,-79.470171,12
Pape Ave / Gamble Ave,43.690237,-79.350119,2
Roehampton Ave / Mount Pleasant Rd - SMART,43.70942,-79.39139,0
Church St / Bloor St E,43.671389,-79.382919,3
200 Bloor St. E.,43.671561,-79.38117,1
Sherbourne St / Isabella St,43.669576,-79.375961,0
Bloor St W / Balmuto St,43.669903,-79.387802,0
Moore Park,43.693256,-79.383238,0
3 Pacific Avenue,43.6541245,-79.4636388,6
896 Danforth Avenue,43.680207,-79.339243,6
Bloor St W / Brock Av,43.6589882,-79.438715,5
Davenport Rd / Oakwood Rd - SMART,43.6741219,-79.4352208,8
1 Market St,43.6469928,-79.3706665,16
Brick Works,43.683884,-79.36647,18
600 University Ave,43.6578449,-79.3899265,17
University Ave / King St W,43.6477785,-79.3847928,15
Amroth Ave / Danforth Ave,43.6856128,-79.3116827,4
Summerhill Station,43.681944,-79.390556,2
Highfield Rd / Gerrard St E,43.671771,-79.324961,17
Niagara St / Richmond St W,43.64534,-79.409597,10
85 Beaty Avenue,43.6393107,-79.4408141,16
163 Fallingbrook Rd,43.6830689,-79.279682,8
Queen St E / Rushbrooke Ave,43.6626628,-79.3323698,12
Donlands Station,43.681114,-79.3373885,3
Lynn Williams St / East Liberty St,43.638925,-79.4168659,11
Eastwood Rd / Woodbine Ave,43.676216,-79.309395,10
Victoria St / Queen St E,43.652822,-79.378208,23
Dundas St E / Victoria St,43.656311,-79.379158,23
26 Dundas Street East,43.656633,-79.379625,15
Gerrard St E / Victoria Park Ave,43.686962,-79.286864,1
98 Glenvale Boulevard,43.718039,-79.371914,6
Bay St / Scollard St,43.672152,-79.39018,3
Weston Rd / St Clair Ave W,43.673019,-79.467994,13
60 Raab Blvd,43.72268,-79.37644,6
505 College Street,43.6504218,-79.4407647,13
1451 Yonge Street,43.6885046,-79.3940052,1
Spadina Ave / Blue Jays Way,43.641705,-79.393295,11
2511 bloor st w,43.647663,-79.487583,15
Simcoe St / Dundas St W,43.6558557,-79.3894093,4
Test,43.720998,-79.377456,3
3180 Yonge Street,43.7281464,-79.4032194,4
Simcoe St / Michael Sweet Ave,43.65232722,-79.38825382,15
Queen St W / Dovercourt Rd,43.6438602,-79.4227573,4
25 Montgomery Ave,43.7093201,-79.3996301,2
2639 Bloor St W,43.64920407,-79.49336334,8
225 University Avenue,43.6503935,-79.3860211,18
135 Queens Warf,43.6399714,-79.399404,14
"406 Oakwood Ave, York, ON M6E 2W3",43.6882706,-79.43937767,3
Granby St / Church St -SMART,43.6614605,-79.3789457,0
Lumsden Ave / Eastdale Ave,43.69413548,-79.30058719,1
24 Lawrence Ave East,43.7254665,-79.4011545,6
Roehampton Ave / Yonge St,43.7083577,-79.398862,1
Bay St / Queens Quay W (Ferry Terminal),43.640978,-79.376785,20
Hanna Ave / Liberty St,43.6384009,-79.4197107,8
425 Don Mills Rd,43.7027268,-79.3336809,7
St Columba Pl / St Clair Ave E,43.70567,-79.310554,4
Strachan Ave / Princes' Blvd,43.635,-79.40888889,19
King St E / River St,43.65678478,-79.35627385,5
Yonge St / Golfdale Rd,43.732016,-79.403637,3
909 Yonge St,43.67515256,-79.38849616,0
640 Bloor Street East,43.67468857,-79.36701962,4
"1 Chedington Pl, North York, ON M4N 3R4",43.72736549,-79.38142546,3
1303 YONGE Street,43.6846177,-79.3924592,1
Tommy Thompson Park (Leslie Street Spit),43.64583558,-79.32088911,4
York University Station - SMART,43.77345,-79.5002,5
Woodbine Subway Station - SMART,43.686442,-79.313404,4
698 Spadina Avenue,43.664028,-79.4029787,9
25 BOOTH AVE,43.6544839,-79.341057,19
Simcoe St / Adelaide St W,43.6481303,-79.38632,20
Simcoe St / Queen St W,43.65049,-79.3873,39
Bathurst St / Front St W,43.6413479,-79.4013882,13
Bay St / Harbour St (East),43.64215,-79.377,20
Ward Ave / Wallace Ave,43.663337,-79.446444,1
E Liberty St / Western Battery Rd,43.6392777,-79.4115736,3
522 King Street West,43.645102,-79.3974498,21
"1101 Bloor Street West, Toronto",43.6602021,-79.4342726,0
200 Parkside Drive,43.644887,-79.4564117,13
26 Lipton Avenue,43.680012,-79.3440325,6
York St / Lakeshore St W - South,43.641952,-79.380723,13
Fort York Blvd / Garrison Rd,43.637381,-79.406112,11
Housey St / Dan Leckie Way,43.63811,-79.397877,25
1529 Dundas Street West,43.64957,-79.432446,15
Bay St / Harbour St,43.64191,-79.378325,12
85 Lee Ave,43.6700692,-79.2971326,11
78 Mutual Street - SMART Vault,43.6559476,-79.3755883,1
Victoria Park Ave / Dawes Rd - SMART Vault,43.707212,-79.2952873,7
Queen St E and Joseph Duggan Rd - SMART Vault,43.6677628,-79.3081171,12
Heyworth Cres / Kingston Rd - SMART Vault,43.6750806,-79.3068697,10
St Clair Ave W / Caledonia Rd - SMART Vault,43.6754247,-79.4547813,8
St Clair Ave W / Cloverdale Rd - SMART Vault,43.6739248,-79.4615434,12
Roncesvalles Ave / Fermanagh Ave - SMART Vault,43.6467433,-79.446895,18
Wellington St W / Stafford St,43.6409957,-79.4096663,3
111 Broadview Ave,43.6593483,-79.3499366,7
Christie St / Dupont St,43.67168,-79.421192,0
Richmond St E / Jarvis St Green P,43.652634,-79.374222,4
Bathurst St / Dundas St W,43.6519501,-79.4060978,12
274 Oak St,43.6613642,-79.3641171,14
24 Mountjoy Ave - SMART Vault,43.6808774,-79.3304491,2
88 Colgate Ave - SMART Vault,43.6623658,-79.3413344,14
Felstead Ave / Gillard Ave (Monarch Park) - SMART Vault,43.6791345,-79.3263159,14
The Esplanade & Lower Jarvis St,43.6478206,-79.3704721,15
7972 Remembrance Drive,43.635495,-79.4035221,18
101 cedarvale Ave,43.6868681,-79.3110942,0
St Clair Ave W / Oakwood Ave - SMART Vault,43.678177,-79.435364,3
5 Merton Street,43.6962302,-79.3950434,8
Shaw St / Essex St - SMART,43.667076,-79.425116,0
High Park Outdoor Pool,43.649217,-79.465319,3
St Clair Ave W / Robina Ave - SMART Vault,43.68005,-79.43469,9
Joseph J Piccininni Community Centre,43.675648,-79.4527619,11
11 SPADINA RD,43.6677246,-79.4041365,0
Yonge / Wellesley,43.66496416,-79.38355032,1
Vanauley St / Queen St W,43.648437,-79.39838,11
519 Church St,43.6663308,-79.3809503,4
Sherbourne St / Wellesley St E,43.6673,-79.374,4
Queen St W / York St (City Hall),43.6517925,-79.3826951,23
Queen St W / Roncesvalles Ave,43.6372958,-79.4423237,3
71 Havelock Street,43.6554793,-79.4302462,2
2 Heath Street West,43.686352,-79.415894,2
999 Queen Street West,43.6442457,-79.4161044,18
York University Station,43.7741,-79.5005,5
333 St.Clair Ave West,43.683979,-79.410657,0
Spadina Ave / Adelaide St W,43.6472019,-79.3953394,15
Cherry St / Mill St,43.6513927,-79.3579466,5
Jarvis St / Maitland Pl,43.6647688,-79.3772602,1
55 Temperance St,43.6506,-79.381285,6
Cherry Beach Sports Field (55 Unwin Ave),43.6408346,-79.3429074,9
Emerson Ave / Bloor St W,43.6586525,-79.440502,3
152 Perth Avenue,43.6585504,-79.4497659,11
15 Denison Ave,43.6484201,-79.4005192,18
8 Maud Street,43.6461512,-79.3998214,9
324 Cedarvale Avenue,43.693187,-79.314283,7
18 Portland Street,43.6425791,-79.4001173,3
75 The Esplanade,43.6469251,-79.3733192,13
620 King Street West,43.644395,-79.4006543,15
360 King Street West,43.6463574,-79.391206,8
280 Wellesley Street East,43.6682342,-79.3702641,1
1126 Yonge Street,43.6791876,-79.390719,0
Davenport Rd / Bedford Rd,43.674446,-79.398331,0
PRINCES GATE / NUNAVUT DR,43.6334636,-79.4143057,13
Exhibition GO Station,43.6352007,-79.4187711,5
265 Armadale Ave,43.6501644,-79.4829691,25
800 Fleet Street,43.636804,-79.408832,40
St Joseph St / Bay St,43.6658804,-79.3876101,5
1085 Kingston Rd,43.68035,-79.28357,4
Ontario St / Adelaide St E -SMART,43.6535052,-79.3667689,15
150 Highview Avenue,43.70241858,-79.25631671,6
Kingston Rd / Warden Ave,43.68824136,-79.27046628,4
Birchcliff Ave / Kingston Rd,43.691688,-79.265027,8
5 Glen Everest Rd (Rosetta McClain Gardens),43.69749005,-79.25655146,5
Birchmount Rd / Kingston Rd,43.69401298,-79.26257205,7
2301 Kingston Rd,43.70643614,-79.25104443,7
Pharmacy Ave / Danforth Ave,43.6929478,-79.2833998,5
Danforth Ave / Warden Ave,43.6950192,-79.2718066,5
2343 Eglinton Ave W,43.6926325,-79.4627536,8
50 Natal St,43.7105975,-79.2541175,2
2067 EglintonAve W,43.69415,-79.4578258,2
The Royal Ontario Museum (Bloor St Entrance),43.66850005,-79.3946236,4
120 Marlee Ave,43.70163,-79.44099,8
BERT ROBINSON PARK,43.688028,-79.460265,10
200 Rogers Rd,43.68323,-79.455765,15
1963 Eglinton Ave W,43.69466,-79.45377,11
23 Chester Ave.,43.6784834,-79.3513564,5
2682 Bloor St W,43.6501687,-79.4963345,12
342 Prince Edward Dr N,43.6492,-79.50602,12
Luttrell Ave / Danforth Ave,43.6897656,-79.2939525,4
Nassau St / Bellvue Ave,43.6537513,-79.4028245,12
1926 Lake Shore Blvd W,43.6357643,-79.4674917,14
9 Willingdon Blvd,43.64839,-79.51008,14
36A Park Lawn Road,43.6236917,-79.4838132,4
119 Constance Street,43.648657,-79.458111,9
Ted Rogers Way / Bloor St E,43.671293,-79.380471,21
481 Locksley Avenue,43.69932707,-79.44936304,6
316 Park Lawn Road,43.6356059,-79.4934616,6
Tobemory Dr / Finch Hydro Recreational Trail,43.7611741,-79.5114452,18
The Well,43.6428899,-79.3946346,17
Driftwood Ave / Finch Hydro Trail,43.7603624,-79.5162777,10
45 Grand Avenue,43.62313,-79.4918,15
1804 Ian Macdonald Boulevard,43.772445,-79.511912,0
